{
  "query": "What is the capital of Germany?",
  "relevance_score": 0.32994466919127435,
  "accuracy": {
    "rouge-1": {
      "r": 1.0,
      "p": 0.04580152671755725,
      "f": 0.08759124003836113
    },
    "rouge-2": {
      "r": 1.0,
      "p": 0.025380710659898477,
      "f": 0.04950495001225371
    },
    "rouge-l": {
      "r": 1.0,
      "p": 0.04580152671755725,
      "f": 0.08759124003836113
    }
  }
}