{
  "query": "Who wrote 'Romeo and Juliet'?",
  "relevance_score": 0.14119825682420245,
  "accuracy": {
    "rouge-1": {
      "r": 1.0,
      "p": 0.047619047619047616,
      "f": 0.09090909004132232
    },
    "rouge-2": {
      "r": 1.0,
      "p": 0.02127659574468085,
      "f": 0.04166666625868056
    },
    "rouge-l": {
      "r": 1.0,
      "p": 0.047619047619047616,
      "f": 0.09090909004132232
    }
  }
}