{
  "query": "What is WAISE?",
  "relevance_score": 0.5368215336131601,
  "accuracy": {
    "rouge-1": {
      "r": 0.8888888888888888,
      "p": 0.32323232323232326,
      "f": 0.47407407016296305
    },
    "rouge-2": {
      "r": 0.7631578947368421,
      "p": 0.20279720279720279,
      "f": 0.32044198563291715
    },
    "rouge-l": {
      "r": 0.8888888888888888,
      "p": 0.32323232323232326,
      "f": 0.47407407016296305
    }
  }
}