{
  "query": "What was the hottest year on record?",
  "relevance_score": 0.25836846624254733,
  "accuracy": {
    "rouge-1": {
      "r": 0.7142857142857143,
      "p": 0.11627906976744186,
      "f": 0.19999999759200002
    },
    "rouge-2": {
      "r": 0.6666666666666666,
      "p": 0.08163265306122448,
      "f": 0.1454545435107438
    },
    "rouge-l": {
      "r": 0.7142857142857143,
      "p": 0.11627906976744186,
      "f": 0.19999999759200002
    }
  }
}