{
  "query": "What is the boiling point of water in Celsius?",
  "relevance_score": 0.08781202469296302,
  "accuracy": {
    "rouge-1": {
      "r": 1.0,
      "p": 0.09090909090909091,
      "f": 0.16666666513888892
    },
    "rouge-2": {
      "r": 1.0,
      "p": 0.045454545454545456,
      "f": 0.08695652090737242
    },
    "rouge-l": {
      "r": 1.0,
      "p": 0.09090909090909091,
      "f": 0.16666666513888892
    }
  }
}