{
  "AI.Models.qa_llama3_1_8b_Q4": {
    "model_average_power": 767.1328735765991,
    "task_averages": {
      "RAG-qa": {
        "average_power_draw": 186.86146836092985,
        "energy_consumption": 767.1328735765991,
        "energy_per_input_token": 0.2491494102820251,
        "energy_per_output_token": 0.6228735257050632,
        "energy_per_total_token": 0.297105467985173
      }
    }
  },
  "AI.Models.qa_phi3_medium-128k_14b_Q4": {
    "model_average_power": 2033.7750026426038,
    "task_averages": {
      "RAG-qa": {
        "average_power_draw": 260.70393200527377,
        "energy_consumption": 2033.7750026426038,
        "energy_per_input_token": 0.4764847480703242,
        "energy_per_output_token": 1.19121187017581,
        "energy_per_total_token": 0.5893796199120559
      }
    }
  },
  "AI.Models.phi3_mini-128k_4b_Q4": {
    "model_average_power": 546.3476214746729,
    "task_averages": {
      "summarization": {
        "average_power_draw": 177.4092401529533,
        "energy_consumption": 434.43671778583365,
        "energy_per_input_token": 0.19044524328056708,
        "energy_per_output_token": 0.4761131082014177,
        "energy_per_total_token": 0.24643804368959626
      },
      "text_generation": {
        "average_power_draw": 200.29219911276124,
        "energy_consumption": 658.2585251635121,
        "energy_per_input_token": 0.3596598765605781,
        "energy_per_output_token": 0.8991496914014452,
        "energy_per_total_token": 0.7845978416064503
      }
    }
  },
  "AI.Models.gemma2_9B_Q4": {
    "model_average_power": 714.2688374200549,
    "task_averages": {
      "summarization": {
        "average_power_draw": 132.3536142344699,
        "energy_consumption": 896.182801812049,
        "energy_per_input_token": 0.4810486879182486,
        "energy_per_output_token": 1.2026217197956215,
        "energy_per_total_token": 0.6464384472614679
      },
      "text_generation": {
        "average_power_draw": 192.53171851408828,
        "energy_consumption": 532.3548730280606,
        "energy_per_input_token": 0.8337424023488686,
        "energy_per_output_token": 2.084356005872172,
        "energy_per_total_token": 1.7243905409922686
      }
    }
  },
  "AI.Models.qa_qwen2_7b_Q4": {
    "model_average_power": 26274.967734357208,
    "task_averages": {
      "RAG-qa": {
        "average_power_draw": 177.32656441936797,
        "energy_consumption": 26274.967734357208,
        "energy_per_input_token": 0.2932996080863719,
        "energy_per_output_token": 0.7332490202159297,
        "energy_per_total_token": 0.3996238705807509
      }
    }
  },
  "AI.Models.qa_gemma2_9B_Q4": {
    "model_average_power": 801.7689634439776,
    "task_averages": {
      "RAG-qa": {
        "average_power_draw": 155.9863072609007,
        "energy_consumption": 801.7689634439776,
        "energy_per_input_token": 0.24437275113732904,
        "energy_per_output_token": 0.6109318778433227,
        "energy_per_total_token": 0.2718961696046119
      }
    }
  },
  "AI.Models.qa_command-r_35B_Q4": {
    "model_average_power": 6124.057119329431,
    "task_averages": {
      "RAG-qa": {
        "average_power_draw": 59.15914279963427,
        "energy_consumption": 6124.057119329431,
        "energy_per_input_token": 1.8280505325000698,
        "energy_per_output_token": 4.570126331250174,
        "energy_per_total_token": 2.06890440894797
      }
    }
  },
  "AI.Models.qa_phi3_mini-128k_4b_Q4": {
    "model_average_power": 3379.927487160807,
    "task_averages": {
      "RAG-qa": {
        "average_power_draw": 203.54617549409474,
        "energy_consumption": 3379.927487160807,
        "energy_per_input_token": 0.31498332274063046,
        "energy_per_output_token": 0.7874583068515761,
        "energy_per_total_token": 0.4748630385177569
      }
    }
  },
  "AI.Models.phi3_medium-128k_14b_Q4": {
    "model_average_power": 1106.1375921836334,
    "task_averages": {
      "summarization": {
        "average_power_draw": 243.28249971321466,
        "energy_consumption": 785.0944376072415,
        "energy_per_input_token": 0.43077094233526286,
        "energy_per_output_token": 1.076927355838157,
        "energy_per_total_token": 0.5390005078232644
      },
      "text_generation": {
        "average_power_draw": 249.0033432080465,
        "energy_consumption": 1427.1807467600252,
        "energy_per_input_token": 1.0554810001158406,
        "energy_per_output_token": 2.6387025002896016,
        "energy_per_total_token": 2.292393093954252
      }
    }
  },
  "AI.Models.llama3_1_8b_Q4": {
    "model_average_power": 576.8576301150482,
    "task_averages": {
      "summarization": {
        "average_power_draw": 174.8113804345496,
        "energy_consumption": 552.8959466116268,
        "energy_per_input_token": 0.3170458072532507,
        "energy_per_output_token": 0.7926145181331268,
        "energy_per_total_token": 0.4067346590945606
      },
      "text_generation": {
        "average_power_draw": 204.06658550167333,
        "energy_consumption": 600.8193136184697,
        "energy_per_input_token": 0.6075524251781921,
        "energy_per_output_token": 1.5188810629454803,
        "energy_per_total_token": 1.309122097992851
      }
    }
  },
  "AI.Models.mistral-nemo_12b_Q4": {
    "model_average_power": 922.4696310864103,
    "task_averages": {
      "summarization": {
        "average_power_draw": 172.78885581704577,
        "energy_consumption": 798.0613416180552,
        "energy_per_input_token": 0.4820084910045944,
        "energy_per_output_token": 1.2050212275114862,
        "energy_per_total_token": 0.6360313242414362
      },
      "text_generation": {
        "average_power_draw": 221.21413807804433,
        "energy_consumption": 1046.8779205547655,
        "energy_per_input_token": 0.8792124833834839,
        "energy_per_output_token": 2.1980312084587097,
        "energy_per_total_token": 1.868669950115135
      }
    }
  },
  "AI.Models.command-r_35B_Q4": {
    "model_average_power": 2988.435264456776,
    "task_averages": {
      "summarization": {
        "average_power_draw": 58.972602801714594,
        "energy_consumption": 3178.4057276969347,
        "energy_per_input_token": 2.0727031411698436,
        "energy_per_output_token": 5.181757852924609,
        "energy_per_total_token": 2.5193752348460334
      },
      "text_generation": {
        "average_power_draw": 39.39170821860312,
        "energy_consumption": 2798.464801216617,
        "energy_per_input_token": 3.9821137836991505,
        "energy_per_output_token": 9.955284459247874,
        "energy_per_total_token": 8.373709245793076
      }
    }
  },
  "AI.Models.qwen2_7b_Q4": {
    "model_average_power": 475.80371133486733,
    "task_averages": {
      "summarization": {
        "average_power_draw": 161.89034378770825,
        "energy_consumption": 595.7710992822546,
        "energy_per_input_token": 0.3341691842896506,
        "energy_per_output_token": 0.8354229607241266,
        "energy_per_total_token": 0.4544677555629373
      },
      "text_generation": {
        "average_power_draw": 140.72747669897953,
        "energy_consumption": 355.83632338748015,
        "energy_per_input_token": 0.405911558259092,
        "energy_per_output_token": 1.0147788956477302,
        "energy_per_total_token": 0.8455677428033163
      }
    }
  },
  "AI.Models.qa_mistral-nemo_12b_Q4": {
    "model_average_power": 1113.155408799598,
    "task_averages": {
      "RAG-qa": {
        "average_power_draw": 188.19010973208225,
        "energy_consumption": 1113.155408799598,
        "energy_per_input_token": 0.3419396799707422,
        "energy_per_output_token": 0.8548491999268557,
        "energy_per_total_token": 0.4032972571339339
      }
    }
  }
}