{
  "AI.Models.qa_llama3_1_8b_Q4": {
    "model_average_power": 871.8627336746595,
    "task_averages": {
      "RAG-qa": {
        "average_power_draw": 168.33685578579116,
        "energy_consumption": 871.8627336746595,
        "energy_per_input_token": 0.6305793554080252,
        "energy_per_output_token": 1.5764483885200633,
        "energy_per_total_token": 1.3813331620245126
      }
    }
  },
  "AI.Models.qa_phi3_medium-128k_14b_Q4": {
    "model_average_power": 1927.1934054004441,
    "task_averages": {
      "RAG-qa": {
        "average_power_draw": 228.41005495304353,
        "energy_consumption": 1927.1934054004441,
        "energy_per_input_token": 1.1422086798744646,
        "energy_per_output_token": 2.855521699686161,
        "energy_per_total_token": 2.633363219649
      }
    }
  },
  "AI.Models.phi3_mini-128k_4b_Q4": {
    "model_average_power": 1547.161564572154,
    "task_averages": {
      "summarization": {
        "average_power_draw": 178.87090764523978,
        "energy_consumption": 1263.1506237514395,
        "energy_per_input_token": 0.23120994118546215,
        "energy_per_output_token": 0.5780248529636552,
        "energy_per_total_token": 0.3916962700143256
      },
      "text_generation": {
        "average_power_draw": 206.28086902928072,
        "energy_consumption": 1831.1725053928683,
        "energy_per_input_token": 0.4149973548460252,
        "energy_per_output_token": 1.037493387115063,
        "energy_per_total_token": 0.9794377641503795
      }
    }
  },
  "AI.Models.gemma2_9B_Q4": {
    "model_average_power": 689.7524424508174,
    "task_averages": {
      "summarization": {
        "average_power_draw": 179.97802558890712,
        "energy_consumption": 810.0015915315373,
        "energy_per_input_token": 0.43644519601981546,
        "energy_per_output_token": 1.0911129900495387,
        "energy_per_total_token": 0.58539193192422
      },
      "text_generation": {
        "average_power_draw": 190.9281248538012,
        "energy_consumption": 569.5032933700976,
        "energy_per_input_token": 0.8788747646023329,
        "energy_per_output_token": 2.1971869115058325,
        "energy_per_total_token": 1.816865873542291
      }
    }
  },
  "AI.Models.qa_qwen2_7b_Q4": {
    "model_average_power": 5538.430988002086,
    "task_averages": {
      "RAG-qa": {
        "average_power_draw": 175.32914254992252,
        "energy_consumption": 5538.430988002086,
        "energy_per_input_token": 0.6135018974124005,
        "energy_per_output_token": 1.5337547435310017,
        "energy_per_total_token": 1.3796159603567766
      }
    }
  },
  "AI.Models.qa_gemma2_9B_Q4": {
    "model_average_power": 705.7928529887388,
    "task_averages": {
      "RAG-qa": {
        "average_power_draw": 186.7200265053077,
        "energy_consumption": 705.7928529887388,
        "energy_per_input_token": 0.2384285565937746,
        "energy_per_output_token": 0.5960713914844366,
        "energy_per_total_token": 0.3006331710031583
      }
    }
  },
  "AI.Models.qa_command-r_35B_Q4": {
    "model_average_power": 3400.675087629541,
    "task_averages": {
      "RAG-qa": {
        "average_power_draw": 79.1982892909707,
        "energy_consumption": 3400.675087629541,
        "energy_per_input_token": 3.557674880951497,
        "energy_per_output_token": 8.894187202378744,
        "energy_per_total_token": 8.088136477058756
      }
    }
  },
  "AI.Models.qa_phi3_mini-128k_4b_Q4": {
    "model_average_power": 1834.3523546073843,
    "task_averages": {
      "RAG-qa": {
        "average_power_draw": 214.33494759707523,
        "energy_consumption": 1834.3523546073843,
        "energy_per_input_token": 0.37954461715450727,
        "energy_per_output_token": 0.9488615428862681,
        "energy_per_total_token": 0.8921971078507153
      }
    }
  },
  "AI.Models.phi3_medium-128k_14b_Q4": {
    "model_average_power": 972.5644296724629,
    "task_averages": {
      "summarization": {
        "average_power_draw": 246.26762922130592,
        "energy_consumption": 1151.6260676036277,
        "energy_per_input_token": 0.3219932351339526,
        "energy_per_output_token": 0.8049830878348816,
        "energy_per_total_token": 0.4533879808939617
      },
      "text_generation": {
        "average_power_draw": 244.6381631331072,
        "energy_consumption": 793.5027917412982,
        "energy_per_input_token": 1.0284394082216415,
        "energy_per_output_token": 2.571098520554104,
        "energy_per_total_token": 2.1912504525455647
      }
    }
  },
  "AI.Models.llama3_1_8b_Q4": {
    "model_average_power": 511.175391851198,
    "task_averages": {
      "summarization": {
        "average_power_draw": 167.8108740978156,
        "energy_consumption": 472.0186877259117,
        "energy_per_input_token": 0.3135239779236792,
        "energy_per_output_token": 0.783809944809198,
        "energy_per_total_token": 0.3995228910610738
      },
      "text_generation": {
        "average_power_draw": 202.97826269530032,
        "energy_consumption": 550.3320959764844,
        "energy_per_input_token": 0.6017761097554363,
        "energy_per_output_token": 1.504440274388591,
        "energy_per_total_token": 1.3005188199118782
      }
    }
  },
  "AI.Models.mistral-nemo_12b_Q4": {
    "model_average_power": 791.4524984633639,
    "task_averages": {
      "summarization": {
        "average_power_draw": 198.7802640903208,
        "energy_consumption": 729.4260017891172,
        "energy_per_input_token": 0.47145552945547103,
        "energy_per_output_token": 1.178638823638678,
        "energy_per_total_token": 0.6232842777653285
      },
      "text_generation": {
        "average_power_draw": 217.9528226936888,
        "energy_consumption": 853.4789951376106,
        "energy_per_input_token": 0.9038833828117087,
        "energy_per_output_token": 2.2597084570292716,
        "energy_per_total_token": 1.9573980193996416
      }
    }
  },
  "AI.Models.command-r_35B_Q4": {
    "model_average_power": 2137.759637611046,
    "task_averages": {
      "summarization": {
        "average_power_draw": 92.49825482465619,
        "energy_consumption": 2059.964144314066,
        "energy_per_input_token": 1.3452843507933163,
        "energy_per_output_token": 3.3632108769832905,
        "energy_per_total_token": 1.6311758565219203
      },
      "text_generation": {
        "average_power_draw": 90.25253171555478,
        "energy_consumption": 2215.555130908026,
        "energy_per_input_token": 3.2692118771640444,
        "energy_per_output_token": 8.17302969291011,
        "energy_per_total_token": 6.770462487418615
      }
    }
  },
  "AI.Models.qwen2_7b_Q4": {
    "model_average_power": 557.7607739985449,
    "task_averages": {
      "summarization": {
        "average_power_draw": 169.824128188162,
        "energy_consumption": 594.1185636854768,
        "energy_per_input_token": 0.3435818622588258,
        "energy_per_output_token": 0.8589546556470646,
        "energy_per_total_token": 0.4696485417020346
      },
      "text_generation": {
        "average_power_draw": 190.02115543856638,
        "energy_consumption": 521.402984311613,
        "energy_per_input_token": 0.6006978974123188,
        "energy_per_output_token": 1.5017447435307971,
        "energy_per_total_token": 1.2359472497293469
      }
    }
  },
  "AI.Models.qa_mistral-nemo_12b_Q4": {
    "model_average_power": 982.8294360244832,
    "task_averages": {
      "RAG-qa": {
        "average_power_draw": 197.15830453558127,
        "energy_consumption": 982.8294360244832,
        "energy_per_input_token": 0.8802473256070469,
        "energy_per_output_token": 2.2006183140176176,
        "energy_per_total_token": 1.9613311684152765
      }
    }
  }
}